AIN;2012; 322461 ; 504063531 
AISNE;2012; 299300 ; 330437011 
ALLIER;2012; 203909 ; 206797854 
ALPES-DE-HAUTE-PROVENCE;2012; 95448 ; 109951494 
HAUTES-ALPES;2012; 81810 ; 97577913 
ALPES-MARITIMES;2012; 685347 ; 1431585323 
ARDECHE;2012; 184831 ; 191474576 
ARDENNES;2012; 155845 ; 155767291 
ARIEGE;2012; 89911 ; 78195215 
AUBE;2012; 170730 ; 247904332 
AUDE;2012; 208652 ; 194801796 
AVEYRON;2012; 159348 ; 161546473 
BOUCHES-DU-RHONE;2012; 1138439 ; 1928815197 
CALVADOS;2012; 381481 ; 517772777 
CANTAL;2012; 88129 ; 81130951 
CHARENTE;2012; 204163 ; 236080250 
CHARENTE-MARITIME;2012; 372987 ; 484300215 
CHER;2012; 180559 ; 209300565 
CORREZE;2012; 141595 ; 157393361 
COTE-DOR;2012; 290351 ; 465858482 
COTES-DARMOR;2012; 336565 ; 374669589 
CREUSE;2012; 73511 ; 57435752 
DORDOGNE;2012; 244822 ; 238680475 
DOUBS;2012; 288859 ; 444131371 
DROME;2012; 280424 ; 338058666 
EURE;2012; 323137 ; 434723717 
EURE-ET-LOIR;2012; 235117 ; 355428890 
FINISTERE;2012; 509915 ; 609743554 
CORSE-DU-SUD;2012; 85109 ; 131754790 
HAUTE-CORSE;2012; 94463 ; 125389411 
GARD;2012; 414255 ; 488212168 
HAUTE-GARONNE;2012; 706607 ; 1282257033 
GERS;2012; 111077 ; 117051936 
GIRONDE;2012; 847831 ; 1380856878 
HERAULT;2012; 627879 ; 858954817 
ILLE-ET-VILAINE;2012; 533660 ; 740737093 
INDRE;2012; 134517 ; 132786124 
INDRE-ET-LOIRE;2012; 330437 ; 463905509 
ISERE;2012; 662665 ; 1037248279 
JURA;2012; 146332 ; 174930565 
LANDES;2012; 229801 ; 275551241 
LOIR-ET-CHER;2012; 187852 ; 237382762 
LOIRE;2012; 414532 ; 478186887 
HAUTE-LOIRE;2012; 128204 ; 118228461 
LOIRE-ATLANTIQUE;2012; 713339 ; 1028144745 
LOIRET;2012; 364433 ; 548292856 
LOT;2012; 102550 ; 106036258 
LOT-ET-GARONNE;2012; 190737 ; 195840439 
LOZERE;2012; 44125 ; 40381723 
MAINE-ET-LOIRE;2012; 419103 ; 448280468 
MANCHE;2012; 278250 ; 292648397 
MARNE;2012; 307652 ; 567405117 
HAUTE-MARNE;2012; 104606 ; 104407412 
MAYENNE;2012; 162742 ; 157753487 
MEURTHE-ET-MOSELLE;2012; 395647 ; 510629005 
MEUSE;2012; 107000 ; 106273663 
MORBIHAN;2012; 416798 ; 505829422 
MOSELLE;2012; 568764 ; 653578450 
NIEVRE;2012; 127787 ; 133289482 
NORD;2012; 1386280 ; 1758094715 
OISE;2012; 438569 ; 695354214 
ORNE;2012; 162928 ; 156157600 
PAS-DE-CALAIS;2012; 793471 ; 767496943 
PUY-DE-DOME;2012; 363987 ; 495552288 
PYRENEES-ATLANTIQUES;2012; 380639 ; 574524407 
HAUTES-PYRENEES;2012; 137200 ; 141328672 
PYRENEES-ORIENTALES;2012; 273199 ; 303958241 
BAS-RHIN;2012; 595253 ; 1031426982 
HAUT-RHIN;2012; 407799 ; 801144634 
RHONE;2012; 962163 ; 1957936795 
HAUTE-SAONE;2012; 133758 ; 127766445 
SAONE-ET-LOIRE;2012; 314990 ; 364196394 
SARTHE;2012; 308500 ; 339172191 
SAVOIE;2012; 240662 ; 379482488 
HAUTE-SAVOIE;2012; 424097 ; 747395038 
PARIS;2012; 1417256 ; 8013459592 
SEINE-MARITIME;2012; 691274 ; 931545963 
SEINE-ET-MARNE;2012; 721057 ; 1344664123 
YVELINES;2012; 742329 ; 2702782232 
DEUX-SEVRES;2012; 205218 ; 215519877 
SOMME;2012; 314835 ; 389710553 
TARN;2012; 217822 ; 230448947 
TARN-ET-GARONNE;2012; 140091 ; 135771741 
VAR;2012; 624689 ; 996874153 
VAUCLUSE;2012; 320755 ; 385768037 
VENDEE;2012; 362120 ; 377766959 
VIENNE;2012; 235450 ; 280038789 
HAUTE-VIENNE;2012; 212312 ; 255342329
VOSGES;2012; 214941 ; 210182742 
YONNE;2012; 197953 ; 243561963 
TERRITOIRE DE BELFORT;2012; 76370 ; 110725390 
ESSONNE;2012; 663363 ; 1482351793 
HAUTS-DE-SEINE;2012; 882486 ; 3997436764 
SEINE-SAINT-DENIS;2012; 831706 ; 970214780 
VAL-DE-MARNE;2012; 751916 ; 1817658906 
VAL-DOISE;2012; 635024 ; 1176644262 
GUADELOUPE;2012; 238127 ; 145684373 
MARTINIQUE;2012; 235489 ; 161535926 
GUYANE;2012; 96583 ; 65336961 
LA REUNION;2012; 458078 ; 290883811
Direction des Impôts des non résidents;2012; 200592 ; 580597266 
CORSE-DU-SUD;2013; 86366 ; 141930110 
HAUTE-CORSE;2013; 95552 ; 127909958 
AIN;2013; 328194 ; 552504122 
AISNE;2013; 299489 ; 359774718 
ALLIER;2013; 204419 ; 218435399 
ALPES-DE-HAUTE-PROVENCE;2013; 96989 ; 115895772 
HAUTES-ALPES;2013; 82754 ; 101201633 
ALPES-MARITIMES;2013; 692405 ; 1512145920 
ARDECHE;2013; 186479 ; 200709726 
ARDENNES;2013; 155620 ; 178795399 
ARIEGE;2013; 90455 ; 82204869 
AUBE;2013; 171344 ; 262682129 
AUDE;2013; 210902 ; 205761991 
AVEYRON;2013; 159894 ; 166113780 
BOUCHES-DU-RHONE;2013; 1150025 ; 2079809926 
CALVADOS;2013; 384617 ; 551875908 
CANTAL;2013; 88037 ; 84305098 
CHARENTE;2013; 205063 ; 252087262 
CHARENTE-MARITIME;2013; 377273 ; 524383027 
CHER;2013; 180843 ; 222269959 
CORREZE;2013; 141951 ; 165690912 
COTE-DOR;2013; 291846 ; 499117651 
COTES-DARMOR;2013; 339476 ; 399703082 
CREUSE;2013; 73511 ; 59421617 
DORDOGNE;2013; 246099 ; 248811422 
DOUBS;2013; 290964 ; 475034471 
DROME;2013; 284043 ; 364584168 
EURE;2013; 325660 ; 471933825 
EURE-ET-LOIR;2013; 236300 ; 384366166 
FINISTERE;2013; 511905 ; 654488256 
GARD;2013; 418457 ; 522666144 
HAUTE-GARONNE;2013; 719724 ; 1405486855 
GERS;2013; 111810 ; 124161665 
GIRONDE;2013; 860209 ; 1469514709 
HERAULT;2013; 638447 ; 911163872 
ILLE-ET-VILAINE;2013; 539915 ; 799637522 
INDRE;2013; 134567 ; 144019265 
INDRE-ET-LOIRE;2013; 333123 ; 505444494 
ISERE;2013; 670232 ; 1120376983 
JURA;2013; 147482 ; 190771482 
LANDES;2013; 232606 ; 287333073 
LOIR-ET-CHER;2013; 189165 ; 255583178 
LOIRE;2013; 415925 ; 502618818 
HAUTE-LOIRE;2013; 128927 ; 124878613 
LOIRE-ATLANTIQUE;2013; 723183 ; 1138619219 
LOIRET;2013; 368112 ; 602727784 
LOT;2013; 103102 ; 112278124 
LOT-ET-GARONNE;2013; 191642 ; 205318131 
LOZERE;2013; 44251 ; 41785917 
MAINE-ET-LOIRE;2013; 422758 ; 483584303 
MANCHE;2013; 280158 ; 308707793 
MARNE;2013; 307601 ; 617408397 
HAUTE-MARNE;2013; 104330 ; 109457177 
MAYENNE;2013; 163568 ; 171451158 
MEURTHE-ET-MOSELLE;2013; 396491 ; 548407303 
MEUSE;2013; 106458 ; 113152801 
MORBIHAN;2013; 420186 ; 543704381 
MOSELLE;2013; 571180 ; 703962619 
NIEVRE;2013; 127637 ; 140063491 
NORD;2013; 1391791 ; 1898498845 
OISE;2013; 441497 ; 751334588 
ORNE;2013; 162807 ; 164157176 
PAS-DE-CALAIS;2013; 796254 ; 828648057 
PUY-DE-DOME;2013; 366787 ; 533339788 
PYRENEES-ATLANTIQUES;2013; 387767 ; 592542952 
HAUTES-PYRENEES;2013; 138095 ; 145878116 
PYRENEES-ORIENTALES;2013; 276576 ; 324226070 
BAS-RHIN;2013; 601099 ; 1092494722 
HAUT-RHIN;2013; 410783 ; 855817170 
RHONE;2013; 974550 ; 2115638461 
HAUTE-SAONE;2013; 133918 ; 135526300 
SAONE-ET-LOIRE;2013; 316162 ; 390142091 
SARTHE;2013; 310805 ; 369524382 
SAVOIE;2013; 243511 ; 411099120 
HAUTE-SAVOIE;2013; 432581 ; 816687185 
PARIS;2013; 1420941 ; 8443603486 
SEINE-MARITIME;2013; 693586 ; 1002008030 
SEINE-ET-MARNE;2013; 730987 ; 1477683754 
YVELINES;2013; 748020 ; 2919492804 
DEUX-SEVRES;2013; 206462 ; 234276635 
SOMME;2013; 315572 ; 418601844 
TARN;2013; 219271 ; 240260097 
TARN-ET-GARONNE;2013; 143530 ; 144135758 
VAR;2013; 631944 ; 1059499047 
VAUCLUSE;2013; 323236 ; 410979119 
VENDEE;2013; 366151 ; 412149361 
VIENNE;2013; 237473;301715633 
HAUTE-VIENNE;2013; 213121 ; 269402575 
VOSGES;2013; 214939 ; 229240672 
YONNE;2013; 197923 ; 264505639 
TERRITOIRE DE BELFORT;2013; 76318 ; 118647590 
ESSONNE;2013; 673114 ; 1617365217 
HAUTS-DE-SEINE;2013; 889353 ; 4324619541 
SEINE-SAINT-DENIS;2013; 842876 ; 1044584259 
VAL-DE-MARNE;2013; 758607 ; 1954663423 
VAL-D'OISE;2013; 641357 ; 1264500224 
GUADELOUPE;2013; 243144 ; 163383426 
MARTINIQUE;2013; 238214 ; 181303219 
GUYANE;2013; 99194 ; 68486982 
LA REUNION;2013; 468201 ; 322989704 
MAYOTTE;2013; 69680 ; 1719517 
Direction des Impôts des non résidents;2013; 211301 ; 591501576 
CORSE-DU-SUD;2014; 87454 ; 140110822 
HAUTE-CORSE;2014; 96535 ; 123620292 
AIN;2014; 332118 ; 554571704 
AISNE;2014; 300094 ; 343449173 
ALLIER;2014; 204449 ; 211075057 
ALPES-DE-HAUTE-PROVENCE;2014; 97979 ; 116804741 
HAUTES-ALPES;2014; 83546 ; 97963307 
ALPES-MARITIMES;2014; 696083 ; 1521408480 
ARDECHE;2014; 187859 ; 198372474 
ARDENNES;2014; 155716 ; 161401474 
ARIEGE;2014; 90923 ; 79454761 
AUBE;2014; 171798 ; 248097806 
AUDE;2014; 213105 ; 202462776 
AVEYRON;2014; 160451 ; 163692981 
BOUCHES-DU-RHONE;2014; 1161638 ; 2091308834 
CALVADOS;2014; 387473 ; 549641330 
CANTAL;2014; 88151 ; 81719681 
CHARENTE;2014; 205961 ; 244125569 
CHARENTE-MARITIME;2014; 380989 ; 512259039 
CHER;2014; 181209 ; 212836480 
CORREZE;2014; 142242 ; 159310977 
COTE-DOR;2014; 293076 ; 491215189 
COTES-DARMOR;2014; 340871 ; 387213853 
CREUSE;2014; 73295 ; 57217765 
DORDOGNE;2014; 248266 ; 248749512 
DOUBS;2014; 294152 ; 499204484 
DROME;2014; 289489 ; 367043955 
EURE;2014; 329893 ; 450183125 
EURE-ET-LOIR;2014; 238435 ; 351586439 
FINISTERE;2014; 518489 ; 652384200 
GARD;2014; 425851 ; 543052807 
HAUTE-GARONNE;2014; 739047 ; 1477819871 
GERS;2014; 113298 ; 122070485 
GIRONDE;2014; 890191 ; 1541069848 
HERAULT;2014; 655046 ; 968223956 
ILLE-ET-VILAINE;2014; 552424 ; 823963064 
INDRE;2014; 133701 ; 131257180 
INDRE-ET-LOIRE;2014; 338713 ; 502303983 
ISERE;2014; 682630 ; 1162235359 
JURA;2014; 148656 ; 192746896 
LANDES;2014; 238664 ; 284725426 
LOIR-ET-CHER;2014; 189939 ; 241734739 
LOIRE;2014; 419077 ; 507455749 
HAUTE-LOIRE;2014; 130599 ; 122796123 
LOIRE-ATLANTIQUE;2014; 746908 ; 1162745283 
LOIRET;2014; 373179 ; 581356880 
LOT;2014; 104369 ; 113782919 
LOT-ET-GARONNE;2014; 194314 ; 200943035 
LOZERE;2014; 44697 ; 40710971 
MAINE-ET-LOIRE;2014; 428231 ; 489664523 
MANCHE;2014; 283220 ; 305638800 
MARNE;2014; 309750 ; 584016530 
HAUTE-MARNE;2014; 103847 ; 99760122 
MAYENNE;2014; 164956 ; 168441730 
MEURTHE-ET-MOSELLE;2014; 398196 ; 545556603 
MEUSE;2014; 106052 ; 107085335 
MORBIHAN;2014; 427641 ; 539092974 
MOSELLE;2014; 576048 ; 705507482 
NIEVRE;2014; 127229 ; 130540050 
NORD;2014; 1403398 ; 1945210457 
OISE;2014; 448278 ; 739367367 
ORNE;2014; 162543 ; 153093684 
PAS-DE-CALAIS;2014; 803345 ; 838785039 
PUY-DE-DOME;2014; 371947 ; 536388307 
PYRENEES-ATLANTIQUES;2014; 393591 ; 606924148 
HAUTES-PYRENEES;2014; 138521 ; 146363617 
PYRENEES-ORIENTALES;2014; 281877 ; 327406586 
BAS-RHIN;2014; 612340 ; 1112677495 
HAUT-RHIN;2014; 415995 ; 903888387 
RHONE;2014; 994482 ; 2224314727 
HAUTE-SAONE;2014; 134021 ; 133343375 
SAONE-ET-LOIRE;2014; 317497 ; 378198041 
SARTHE;2014; 312071 ; 353404111 
SAVOIE;2014; 248261 ; 419728470 
HAUTE-SAVOIE;2014; 446513 ; 877086992 
PARIS;2014; 1415255 ; 9258947739 
SEINE-MARITIME;2014; 699441 ; 1002358798 
SEINE-ET-MARNE;2014; 747429 ; 1483584315 
YVELINES;2014; 759748 ; 3084169302 
DEUX-SEVRES;2014; 208421 ; 227588427 
SOMME;2014; 317734 ; 408422816 
TARN;2014; 222625 ; 240650133 
TARN-ET-GARONNE;2014; 146288 ; 146927664 
VAR;2014; 642967 ; 1093318530 
VAUCLUSE;2014; 328625 ; 428324500 
VENDEE;2014; 374148 ; 409391478 
VIENNE;2014; 240289 ; 292341162 
HAUTE-VIENNE;2014; 213609 ; 267060871 
VOSGES;2014; 215173 ; 224644177 
YONNE;2014; 198248 ; 251388555 
TERRITOIRE DE BELFORT;2014; 76662 ; 117348016 
ESSONNE;2014; 683063 ; 1626874356 
HAUTS-DE-SEINE;2014; 897661 ; 4477207714 
SEINE-SAINT-DENIS;2014; 860372 ; 1043899332 
VAL-DE-MARNE;2014; 766734 ; 1987770571 
VAL-D'OISE;2014; 648116 ; 1270842856 
GUADELOUPE;2014; 247042 ; 163009993 
MARTINIQUE;2014; 237558 ; 180567887 
GUYANE;2014; 101280 ; 66383599 
LA REUNION;2014; 478291 ; 327486196 
MAYOTTE;2014; 69564 ; 19201144 
Direction des Impôts des non résidents;2014; 219185 ; 671953183 
CORSE-DU-SUD;2015; 87798 ; 145345552 
HAUTE-CORSE;2015; 97819 ; 131500183 
AIN;2015; 337175 ; 566234216 
AISNE;2015; 300459 ; 330734234 
ALLIER;2015; 204982 ; 210466242 
ALPES-DE-HAUTE-PROVENCE;2015; 98758 ; 117278556 
HAUTES-ALPES;2015; 84223 ; 99080328 
ALPES-MARITIMES;2015; 700597 ; 1568732468 
ARDECHE;2015; 189803 ; 198363899 
ARDENNES;2015; 155808 ; 155904537 
ARIEGE;2015; 91453 ; 80287983 
AUBE;2015; 172315 ; 243929852 
AUDE;2015; 214716 ; 210934571 
AVEYRON;2015; 160968 ; 168343770 
BOUCHES-DU-RHONE;2015; 1170421 ; 2163677082 
CALVADOS;2015; 389913 ; 559912612 
CANTAL;2015; 88091 ; 82897964 
CHARENTE;2015; 206627 ; 244622735 
CHARENTE-MARITIME;2015; 384465 ; 523969287 
CHER;2015; 181248 ; 209641370 
CORREZE;2015; 142155 ; 163160529 
COTE-DOR;2015; 293962 ; 503040080 
COTES-DARMOR;2015; 343808 ; 390136573 
CREUSE;2015; 73295 ; 57217765 
DORDOGNE;2015; 248266 ; 248749512 
DOUBS;2015; 294152 ; 499204484 
DROME;2015; 289489 ; 367043955 
EURE;2015; 329893 ; 450183125 
EURE-ET-LOIR;2015; 238435 ; 351586439 
FINISTERE;2015; 518489 ; 652384200 
GARD;2015; 425851 ; 543052807 
HAUTE-GARONNE;2015; 739047 ; 1477819871 
GERS;2015; 113298 ; 122070485 
GIRONDE;2015; 890191 ; 1541069848 
HERAULT;2015; 655046 ; 968223956 
ILLE-ET-VILAINE;2015; 552424 ; 823963064 
INDRE;2015; 133701 ; 131257180 
INDRE-ET-LOIRE;2015; 338713 ; 502303983 
ISERE;2015; 682630 ; 1162235359 
JURA;2015; 148656 ; 192746896 
LANDES;2015; 238664 ; 284725426 
LOIR-ET-CHER;2015; 189939 ; 241734739 
LOIRE;2015; 419077 ; 507455749 
HAUTE-LOIRE;2015; 130599 ; 122796123 
LOIRE-ATLANTIQUE;2015; 746908 ; 1162745283 
LOIRET;2015; 373179 ; 581356880 
LOT;2015; 104369 ; 113782919 
LOT-ET-GARONNE;2015; 194314 ; 200943035 
LOZERE;2015; 44697 ; 40710971 
MAINE-ET-LOIRE;2015; 428231 ; 489664523 
MANCHE;2015; 283220 ; 305638800 
MARNE;2015; 309750 ; 584016530 
HAUTE-MARNE;2015; 103847 ; 99760122 
MAYENNE;2015; 164956 ; 168441730 
MEURTHE-ET-MOSELLE;2015; 398196 ; 545556603 
MEUSE;2015; 106052 ; 107085335 
MORBIHAN;2015; 427641 ; 539092974 
MOSELLE;2015; 576048 ; 705507482 
NIEVRE;2015; 127229 ; 130540050 
NORD;2015; 1403398 ; 1945210457 
OISE;2015; 448278 ; 739367367 
ORNE;2015; 162543 ; 153093684 
PAS-DE-CALAIS;2015; 803345 ; 838785039 
PUY-DE-DOME;2015; 371947 ; 536388307 
PYRENEES-ATLANTIQUES;2015; 393591 ; 606924148 
HAUTES-PYRENEES;2015; 138521 ; 146363617 
PYRENEES-ORIENTALES;2015; 281877 ; 327406586 
BAS-RHIN;2015; 612340 ; 1112677495 
HAUT-RHIN;2015; 415995 ; 903888387 
RHONE;2015; 994482 ; 2224314727 
HAUTE-SAONE;2015; 134021 ; 133343375 
SAONE-ET-LOIRE;2015; 317497 ; 378198041 
SARTHE;2015; 312071 ; 353404111 
SAVOIE;2015; 248261 ; 419728470 
HAUTE-SAVOIE;2015; 446513 ; 877086992 
PARIS;2015; 1415255 ; 9258947739 
SEINE-MARITIME;2015; 699441 ; 1002358798 
SEINE-ET-MARNE;2015; 747429 ; 1483584315 
YVELINES;2015; 759748 ; 3084169302 
DEUX-SEVRES;2015; 208421 ; 227588427 
SOMME;2015; 317734 ; 408422816 
TARN;2015; 222625 ; 240650133 
TARN-ET-GARONNE;2015; 146288 ; 146927664 
VAR;2015; 642967 ; 1093318530 
VAUCLUSE;2015; 328625 ; 428324500 
VENDEE;2015; 374148 ; 409391478 
VIENNE;2015; 240289 ; 292341162 
HAUTE-VIENNE;2015; 213452 ; 266636911 
VOSGES;2015; 215052 ; 224026759 
YONNE;2015; 198413 ; 247486665 
TERRITOIRE DE BELFORT;2015; 76915 ; 122139220 
ESSONNE;2015; 689678 ; 1647113877 
HAUTS-DE-SEINE;2015; 901623 ; 4731155968 
SEINE-SAINT-DENIS;2015; 869216 ; 1085827676 
VAL-DE-MARNE;2015; 772997 ; 2037442152 
VAL-D'OISE;2015; 653999 ; 1296097389 
GUADELOUPE;2015; 246312 ; 169028914 
MARTINIQUE;2015; 238145 ; 196500155 
GUYANE;2015; 104150 ; 69952392 
LA REUNION;2015; 486008 ; 358435823 
MAYOTTE;2015; 68840 ; 24448912 
Direction des Impôts des non résidents;2015; 225089 ; 762566048 
CORSE-DU-SUD;2016; 88374 ; 151736182 
HAUTE-CORSE;2016; 98272 ; 136880489 
AIN;2016; 340166 ; 590699122 
AISNE;2016; 299611 ; 322050319 
ALLIER;2016; 204892 ; 206901031 
ALPES-DE-HAUTE-PROVENCE;2016; 99552 ; 119111646 
HAUTES-ALPES;2016; 84829 ; 98738696 
ALPES-MARITIMES;2016; 702246 ; 1619885771 
ARDECHE;2016; 190734 ; 202276585 
ARDENNES;2016; 155049 ; 153894206 
ARIEGE;2016; 92066 ; 86088653 
AUBE;2016; 172214 ; 240774426 
AUDE;2016; 216493 ; 210015994 
AVEYRON;2016; 161998 ; 176248379 
BOUCHES-DU-RHONE;2016; 1182729 ; 2209856091 
CALVADOS;2016; 391436 ; 573062048 
CANTAL;2016; 87861 ; 82583770 
CHARENTE;2016; 206809 ; 240230812 
CHARENTE-MARITIME;2016; 387758 ; 535061579 
CHER;2016; 181462 ; 208332076 
CORREZE;2016; 142269 ; 162138752 
COTE-DOR;2016; 295351 ; 505841822 
COTES-DARMOR;2016; 345881 ; 391083533 
CREUSE;2016; 73313 ; 56216450 
DORDOGNE;2016; 249161 ; 243873011 
DOUBS;2016; 294182 ; 521049477 
DROME;2016; 292051 ; 379163911 
EURE;2016; 330359 ; 454146798 
EURE-ET-LOIR;2016; 238267 ; 346182243 
FINISTERE;2016; 521318 ; 651591492 
GARD;2016; 428838 ; 540104537 
HAUTE-GARONNE;2016; 747288 ; 1510888864 
GERS;2016; 113627 ; 122200734 
GIRONDE;2016; 906053 ; 1602256196 
HERAULT;2016; 662557 ; 987079106 
ILLE-ET-VILAINE;2016; 558947 ; 859090203 
INDRE;2016; 133346 ; 123961651 
INDRE-ET-LOIRE;2016; 345754 ; 510679896 
ISERE;2016; 686856 ; 1154500215 
JURA;2016; 149072 ; 198511722 
LANDES;2016; 241193 ; 295269476 
LOIR-ET-CHER;2016; 190588 ; 237630301 
LOIRE;2016; 419882 ; 500387455 
HAUTE-LOIRE;2016; 131200 ; 126018352 
LOIRE-ATLANTIQUE;2016; 757943 ; 1214223639 
LOIRET;2016; 374601 ; 595755285 
LOT;2016; 105045 ; 106036258 
LOT-ET-GARONNE;2016; 195880 ; 195840439 
LOZERE;2016; 44815 ; 41329618 
MAINE-ET-LOIRE;2016; 431068 ; 494453954 
MANCHE;2016; 284707 ; 312973355 
MARNE;2016; 312150 ; 579369398 
HAUTE-MARNE;2016; 103113 ; 98484833 
MAYENNE;2016; 165407 ; 162349958 
MEURTHE-ET-MOSELLE;2016; 399432 ; 547607095 
MEUSE;2016; 105727 ; 106273663 
MORBIHAN;2016; 431343 ; 546328700 
MOSELLE;2016; 577516 ; 721098372 
NIEVRE;2016; 126843 ; 127664852 
NORD;2016; 1386280 ; 1758094715 
OISE;2016; 438569 ; 695354214 
ORNE;2016; 162928 ; 156157600 
PAS-DE-CALAIS;2016; 793471 ; 767496943 
PUY-DE-DOME;2016; 363987 ; 495552288 
PYRENEES-ATLANTIQUES;2016; 380639 ; 574524407 
HAUTES-PYRENEES;2016; 137200 ; 141328672 
PYRENEES-ORIENTALES;2016; 273199 ; 303958241 
BAS-RHIN;2016; 595253 ; 1031426982 
HAUT-RHIN;2016; 407799 ; 801144634 
RHONE;2016; 962163 ; 1957936795 
HAUTE-SAONE;2016; 133758 ; 127766445 
SAONE-ET-LOIRE;2016; 314990 ; 364196394 
SARTHE;2016; 308500 ; 339172191 
SAVOIE;2016; 240662 ; 379482488 
HAUTE-SAVOIE;2016; 424097 ; 747395038 
PARIS;2016; 1417256 ; 8013459592 
SEINE-MARITIME;2016; 691274 ; 931545963 
SEINE-ET-MARNE;2016; 721057 ; 1344664123 
YVELINES;2016; 742329 ; 2702782232 
DEUX-SEVRES;2016; 205218 ; 215519877 
SOMME;2016;310366 ; 387199156 
TARN;2016; 219475 ; 235312541 
TARN-ET-GARONNE;2016; 143400 ; 145002607 
VAR;2016; 604922 ; 1026745171 
VAUCLUSE;2016; 314375 ; 412938103 
VENDEE;2016; 343488 ; 381936378 
VIENNE;2016; 219854 ; 254187788 
HAUTE-VIENNE;2016; 196215 ; 258796486 
VOSGES;2016; 215523 ; 224659939 
YONNE;2016; 198279 ; 240809712 
TERRITOIRE DE BELFORT;2016; 76718 ; 123178339 
ESSONNE;2016; 695825 ; 1689371047 
HAUTS-DE-SEINE;2016; 902722 ; 4913698690 
SEINE-SAINT-DENIS;2016; 870981 ; 1116859972 
VAL-DE-MARNE;2016; 776902 ; 2083056176 
VAL-D-OISE;2016; 658870 ; 1319822822 
GUADELOUPE;2016; 246384 ; 173982879 
MARTINIQUE;2016; 235731 ; 201395173 
GUYANE;2016; 105095 ; 58628392 
LA REUNION;2016; 491942 ; 376628241 
MAYOTTE;2016; 67879 ; 27484654 
Direction des Impots des non residents;2016; 231576 ; 712293467 
CORSE-DU-SUD;2017; 89452 ; 157432781 
HAUTE-CORSE;2017; 99736 ; 138070967 
AIN;2017; 345087 ; 586800156 
AISNE;2017; 300154 ; 315057802 
ALLIER;2017; 205244 ; 198971132 
ALPES-DE-HAUTE-PROVENCE;2017; 100179 ; 120331901 
HAUTES-ALPES;2017; 85319 ; 97965014 
ALPES-MARITIMES;2017; 707395 ; 1632512572 
ARDECHE;2017; 192217 ; 203003789 
ARDENNES;2017; 155149 ; 150983945 
ARIEGE;2017; 93100 ; 76991195 
AUBE;2017; 173260 ; 235552954 
AUDE;2017; 221579 ; 209648667 
AVEYRON;2017; 163526 ; 164652171 
BOUCHES-DU-RHONE;2017; 1196337 ; 2268587560 
CALVADOS;2017; 394770 ; 583263158 
CANTAL;2017; 88028 ; 81857414 
CHARENTE;2017; 209720 ; 229828444 
CHARENTE-MARITIME;2017; 393990 ; 531186096 
CHER;2017; 181153 ; 201342674 
CORREZE;2017; 142840 ; 159979902 
COTE-DOR;2017; 296524 ; 508957820 
COTES-DARMOR;2017; 348161 ; 387008237 
CREUSE;2017; 73429 ; 52995124 
DORDOGNE;2017; 251990 ; 237534533 
DOUBS;2017; 296086 ; 501689857 
DROME;2017; 295285 ; 380124197 
EURE;2017; 332065 ; 441603273 
EURE-ET-LOIR;2017; 241210 ; 344919153 
FINISTERE;2017; 525707 ; 651344530 
GARD;2017; 432527 ; 543898627 
HAUTE-GARONNE;2017; 765582 ; 1584583734 
GERS;2017; 115047 ; 121603163 
GIRONDE;2017; 928762 ; 1665901235 
HERAULT;2017; 677240 ; 1014504925 
ILLE-ET-VILAINE;2017; 571518 ; 867044014 
INDRE;2017; 133090 ; 119218005 
INDRE-ET-LOIRE;2017; 350269 ; 508133623 
ISERE;2017; 694145 ; 1179118226 
JURA;2017; 150570 ; 190878287 
LANDES;2017; 245011 ; 298427879 
LOIR-ET-CHER;2017; 192688 ; 232202447 
LOIRE;2017; 422972 ; 500516263 
HAUTE-LOIRE;2017; 132532 ; 123378593 
LOIRE-ATLANTIQUE;2017; 775287 ; 1252058405 
LOIRET;2017; 383066 ; 570606009 
LOT;2017; 105436 ; 118038469 
LOT-ET-GARONNE;2017; 199511 ; 202896633 
LOZERE;2017; 45301 ; 40336760 
MAINE-ET-LOIRE;2017; 436429 ; 489940571 
MANCHE;2017; 285954 ; 307125178 
MARNE;2017; 317213 ; 579469285 
HAUTE-MARNE;2017; 103199 ; 93402571 
MAYENNE;2017; 166533 ; 162995278 
MEURTHE-ET-MOSELLE;2017; 401446 ; 553928693 
MEUSE;2017; 105287 ; 102266701 
MORBIHAN;2017; 439547 ; 556837292 
MOSELLE;2017; 578655 ; 720053910 
NIEVRE;2017; 126341 ; 121740742 
NORD;2017; 1417512 ; 1968718385 
OISE;2017; 449719 ; 739149529 
ORNE;2017; 162219 ; 147788827 
PAS-DE-CALAIS;2017; 816387 ; 812431092 
PUY-DE-DOME;2017; 375256 ; 551212683 
PYRENEES-ATLANTIQUES;2017; 405526 ; 625815715 
HAUTES-PYRENEES;2017; 142199 ; 139087537 
PYRENEES-ORIENTALES;2017; 288131 ; 333025018 
BAS-RHIN;2017; 625351 ; 1159896602 
HAUT-RHIN;2017; 421928 ; 942790570 
RHONE;2017; 1021962 ; 2380552207 
HAUTE-SAONE;2017; 134603 ; 130165027 
SAONE-ET-LOIRE;2017; 318537 ; 377899215 
SARTHE;2017; 314406 ; 346599134 
SAVOIE;2017; 252765 ; 435347359 
HAUTE-SAVOIE;2017; 458320 ; 912781317 
PARIS;2017; 1424232 ; 9952672248 
SEINE-MARITIME;2017; 702305 ; 1001720519 
SEINE-ET-MARNE;2017; 769176 ; 1516424460 
YVELINES;2017; 771463 ; 3219518679 
DEUX-SEVRES;2017; 210436 ; 224781830 
SOMME;2017; 319142 ; 404676282 
TARN;2017; 225771 ; 240246972 
TARN-ET-GARONNE;2017; 148702 ; 151022156 
VAR;2017; 655190 ; 1125381255 
VAUCLUSE;2017; 334728 ; 443272492 
VENDEE;2017; 383176 ; 422228291 
VIENNE;2017; 242324 ; 285456006 
HAUTE-VIENNE;2017; 215130 ; 268223508 
VOSGES;2017; 216193 ; 219147954 
YONNE;2017; 198675 ; 234770063 
TERRITOIRE DE BELFORT;2017; 77296 ; 124657056
ESSONNE;2017; 706062 ; 1693131390
HAUTS-DE-SEINE;2017; 906377 ; 5034962034
SEINE-SAINT-DENIS;2017; 883606 ; 1113905893
VAL-DE-MARNE;2017; 778654 ; 2140038831
VAL-D-OISE;2017; 667643 ; 1340736455
GUADELOUPE;2017; 249985 ; 173695486
MARTINIQUE;2017; 236751 ; 204577741
GUYANE;2017; 105427 ; 72530065
LA REUNION;2017; 508991 ; 394055968
MAYOTTE;2017; 66634 ; 32664821
Direction des Impots des non residents;2017; 244237 ; 757541554
CORSE-DU-SUD;2018; 90134 ; 169011786
HAUTE-CORSE;2018; 100089 ; 148070267
AIN;2018; 347167 ; 657084431
AISNE;2018; 299119 ; 339451956
ALLIER;2018; 204053 ; 216904373
ALPES-DE-HAUTE-PROVENCE;2018; 101157 ; 139830708
HAUTES-ALPES;2018; 85562 ; 105640648
ALPES-MARITIMES;2018; 707631 ; 1775003124
ARDECHE;2018; 192703 ; 225468033
ARDENNES;2018; 154382 ; 167661091
ARIEGE;2018; 93034 ; 81041055
AUBE;2018; 172259 ; 252169092
AUDE;2018; 219879 ; 220169231
AVEYRON;2018; 163636 ; 185161971
BOUCHES-DU-RHONE;2018; 1210444 ; 2448546251
CALVADOS;2018; 396406 ; 608162804
CANTAL;2018; 87653 ; 88266932
CHARENTE;2018; 210898 ; 255676113
CHARENTE-MARITIME;2018; 397005 ; 570349522
CHER;2018; 180160 ; 216435807
CORREZE;2018; 142323 ; 164667267
COTE-D-OR;2018; 297123 ; 555850765
COTES-D-ARMOR;2018; 349406 ; 427199447
CREUSE;2018; 72621 ; 54672519
DORDOGNE;2018; 250590 ; 253483070
DOUBS;2018; 297179 ; 536389460
DROME;2018; 296332 ; 416465901
EURE;2018; 332609 ; 474836748
EURE-ET-LOIR;2018; 238539 ; 368965266
FINISTERE;2018; 526830 ; 717487107
GARD;2018; 435111 ; 592819347
HAUTE-GARONNE;2018; 779076 ; 1703569182
GERS;2018; 114519 ; 129867314
GIRONDE;2018; 938868 ; 1827564161
HERAULT;2018; 693219 ; 1135477966
ILLE-ET-VILAINE;2018; 577109 ; 973083265
INDRE;2018; 132762 ; 128218005
INDRE-ET-LOIRE;2018; 351661 ; 547469138
ISERE;2018; 696049 ; 1283089530
JURA;2018; 151055 ; 204504038
LANDES;2018; 247251 ; 348317121
LOIR-ET-CHER;2018; 191033 ; 246458275
LOIRE;2018; 424257 ; 547423454
HAUTE-LOIRE;2018; 133012 ; 135790302
LOIRE-ATLANTIQUE;2018; 787543 ; 1392404092
LOIRET;2018; 382135 ; 616974922
LOT;2018; 105653 ; 118038469
LOT-ET-GARONNE;2018; 196549 ; 214173488
LOZERE;2018; 44993 ; 42204993
MAINE-ET-LOIRE;2018; 438244 ; 547309037
MANCHE;2018; 287724 ; 334468999
MARNE;2018; 317073 ; 616823485
HAUTE-MARNE;2018; 102971 ; 101747010
MAYENNE;2018; 166903 ; 173324413
MEURTHE-ET-MOSELLE;2018; 405623 ; 598009072
MEUSE;2018; 105115 ; 110436879
MORBIHAN;2018; 441441 ; 599943750
MOSELLE;2018; 584613 ; 780744664
NIEVRE;2018; 125989 ; 129223999
NORD;2018; 1414435 ; 2166644125
OISE;2018; 450129 ; 820429495
ORNE;2018; 161668 ; 147788827
PAS-DE-CALAIS;2018; 815450 ; 812431092
PUY-DE-DOME;2018; 376325 ; 551212683
PYRENEES-ATLANTIQUES;2018; 405460 ; 625815715
HAUTES-PYRENEES;2018; 141020 ; 139087537
PYRENEES-ORIENTALES;2018; 288131 ; 333025018
BAS-RHIN;2018; 625351 ; 1159896602
HAUT-RHIN;2018; 421928 ; 942790570
RHONE;2018; 1021962 ; 2380552207
HAUTE-SAONE;2018; 134603 ; 130165027
SAONE-ET-LOIRE;2018; 318537 ; 377899215
SARTHE;2018; 314406 ; 346599134
SAVOIE;2018; 252765 ; 435347359
HAUTE-SAVOIE;2018; 458320 ; 912781317
PARIS;2018; 1424232 ; 9952672248
SEINE-MARITIME;2018; 702305 ; 1001720519
SEINE-ET-MARNE;2018; 769176 ; 1516424460
YVELINES;2018; 771463 ; 3219518679
DEUX-SEVRES;2018; 210436 ; 224781830
SOMME;2018; 319142 ; 404676282
TARN;2018; 225771 ; 240246972
TARN-ET-GARONNE;2018; 148702 ; 151022156
VAR;2018; 655190 ; 1125381255
VAUCLUSE;2018; 334728 ; 443272492
VENDEE;2018; 383176 ; 422228291
VIENNE;2018; 242324 ; 285456006
HAUTE-VIENNE;2018; 215130 ; 268223508
VOSGES;2018; 216193 ; 219147954
YONNE;2018; 198675 ; 234770063
TERRITOIRE DE BELFORT;2018; 77296 ; 124657056
ESSONNE;2018; 703338 ; 1801723778
HAUTS-DE-SEINE;2018; 906491 ; 5531879581
SEINE-SAINT-DENIS;2018; 908083 ; 1199772062
VAL-DE-MARNE;2018; 787080 ; 2302023413
VAL-D-OISE;2018; 681813 ; 1446659587
GUADELOUPE;2018; 249380 ; 209630187
MARTINIQUE;2018; 236289 ; 238585420
GUYANE;2018; 103512 ; 86333765
LA REUNION;2018; 506193 ; 463164472
MAYOTTE;2018; 66201 ; 42342684
Direction des Impots des non residents;2018; 254980 ; 735932655
CORSE-DU-SUD;2019; 93173 ; 175585710
HAUTE-CORSE;2019; 103027 ; 146859667
AIN;2019; 356616 ; 635468433
AISNE;2019; 302651 ; 333997423
ALLIER;2019; 205611 ; 214602764
ALPES-DE-HAUTE-PROVENCE;2019; 102263 ; 131076749
HAUTES-ALPES;2019; 87367 ; 102584127
ALPES-MARITIMES;2019; 725146 ; 1748243181
ARDECHE;2019; 196005 ; 221856414
ARDENNES;2019; 155428 ; 157220460
ARIEGE;2019; 95128 ; 83232416
AUBE;2019; 175418 ; 251352675
AUDE;2019; 224737 ; 226913614
AVEYRON;2019; 165500 ; 174043246
BOUCHES-DU-RHONE;2019; 1229376 ; 2424380835
CALVADOS;2019; 404204 ; 619430982
CANTAL;2019; 88159 ; 85380081
CHARENTE;2019; 212412 ; 253492378
CHARENTE-MARITIME;2019; 406710 ; 588658339
CHER;2019; 182552 ; 216233149
CORREZE;2019; 143766 ; 161053104
COTE-D-OR;2019; 302178 ; 560420035
COTES-D-ARMOR;2019; 356048 ; 422710303
CREUSE;2019; 73174 ; 55374294
DORDOGNE;2019; 254688 ; 251900114
DOUBS;2019; 301865 ; 550386549
DROME;2019; 302881 ; 420932098
EURE;2019; 338707 ; 469599332
EURE-ET-LOIR;2019; 242678 ; 365718553
FINISTERE;2019; 535251 ; 711729297
GARD;2019; 443954 ; 588274815
HAUTE-GARONNE;2019; 806752 ; 1700943509
GERS;2019; 115968 ; 125035377
GIRONDE;2019; 964480 ; 1846994292
HERAULT;2019; 709943 ; 1135886273
ILLE-ET-VILAINE;2019; 592562 ; 977822814
INDRE;2019; 133949 ; 126701117
INDRE-ET-LOIRE;2019; 355695 ; 550300164
ISERE;2019; 711503 ; 1284731498
JURA;2019; 152211 ; 204297982
LANDES;2019; 254013 ; 314187314
LOIR-ET-CHER;2019; 193623 ; 245289305
LOIRE;2019; 430637 ; 539387711
HAUTE-LOIRE;2019; 133955 ; 128671110
LOIRE-ATLANTIQUE;2019; 809681 ; 1433654181
LOIRET;2019; 385645 ; 603565255
LOT;2019; 107405 ; 118882483
LOT-ET-GARONNE;2019; 199898 ; 212164579
LOZERE;2019; 45170 ; 42043648
MAINE-ET-LOIRE;2019; 448316 ; 545173013
MANCHE;2019; 291107 ; 344459940
MARNE;2019; 319717 ; 608870958
HAUTE-MARNE;2019; 102981 ; 104461509
MAYENNE;2019; 169256 ; 170303048
MEURTHE-ET-MOSELLE;2019; 409643 ; 591032778
MEUSE;2019; 106270 ; 114285526
MORBIHAN;2019; 452034 ; 619827266
MOSELLE;2019; 591189 ; 760569988
NIEVRE;2019; 126703 ; 127056518
NORD;2019; 1440903 ; 2126944308
OISE;2019; 457014 ; 789355669
ORNE;2019; 163564 ; 155550764
PAS-DE-CALAIS;2019; 821435 ; 878714273
PUY-DE-DOME;2019; 383733 ; 575371121
PYRENEES-ATLANTIQUES;2019; 414238 ; 667416218
HAUTES-PYRENEES;2019; 143089 ; 142281828
PYRENEES-ORIENTALES;2019; 298754 ; 362321045
BAS-RHIN;2019; 647847 ; 1242515757
HAUT-RHIN;2019; 429661 ; 969916231
RHONE;2019; 1063582 ; 2633102272
HAUTE-SAONE;2019; 135623 ; 138718201
SAONE-ET-LOIRE;2019; 322202 ; 404450788
SARTHE;2019; 319616 ; 377412424
SAVOIE;2019; 259632 ; 475993803
HAUTE-SAVOIE;2019; 476543 ; 1001391556
PARIS;2019; 1466220 ; 10656991713
SEINE-MARITIME;2019; 715315 ; 1062876987
SEINE-ET-MARNE;2019; 787790 ; 1611918418
YVELINES;2019; 797679 ; 3428169793
DEUX-SEVRES;2019; 214451 ; 243771554
SOMME;2019; 323047 ; 418550582
TARN;2019; 230334 ; 259809375
TARN-ET-GARONNE;2019; 152449 ; 163456262
VAR;2019; 677641 ; 1218596754
VAUCLUSE;2019; 341945 ; 469419282
VENDEE;2019; 396962 ; 473445963
VIENNE;2019; 247588 ; 298684336
HAUTE-VIENNE;2019; 218930 ; 270796504
VOSGES;2019; 217479 ; 247020007
YONNE;2019; 199722 ; 246004221
TERRITOIRE DE BELFORT;2019; 78405 ; 133029917
ESSONNE;2019; 726334 ; 1758475110
HAUTS-DE-SEINE;2019; 932126 ; 5466552435
SEINE-SAINT-DENIS;2019; 935948 ; 1212940905
VAL-DE-MARNE;2019; 808919 ; 2271460464
VAL-D'OISE;2019; 696939 ; 1416414239
GUADELOUPE;2019; 257532 ; 205186881
MARTINIQUE;2019; 243048 ; 238759916
GUYANE;2019; 108765 ; 88963474
LA REUNION;2019; 520124 ; 463504175
MAYOTTE;2019; 70570 ; 36725191
Direction des Impots des non residents;2019; 261012 ; 701028243
CORSE-DU-SUD;2020; 96596 ; 168764307
HAUTE-CORSE;2020; 106112 ; 143132462
AIN;2020; 363588 ; 621021298
AISNE;2020; 304767 ; 312530972
ALLIER;2020; 206766 ; 198006070
ALPES-DE-HAUTE-PROVENCE;2020; 103752 ; 114939963
HAUTES-ALPES;2020; 88811 ; 98370000
ALPES-MARITIMES;2020; 736511 ; 1668019021
ARDECHE;2020; 198666 ; 206169341
ARDENNES;2020; 156416 ; 154451804
ARIEGE;2020; 96627 ; 82023053
AUBE;2020; 177420 ; 234825011
AUDE;2020; 229207 ; 212062921
AVEYRON;2020; 167279 ; 161995899
BOUCHES-DU-RHONE;2020; 1245999 ; 2359547882
CALVADOS;2020; 410747 ; 602188822
CANTAL;2020; 89039 ; 83853654
CHARENTE;2020; 214891 ; 248455227
CHARENTE-MARITIME;2020; 414712 ; 579692505
CHER;2020; 183736 ; 202172338
CORREZE;2020; 145216 ; 152415516
COTE-D'OR;2020; 305904 ; 521017404
COTES-D'ARMOR;2020; 362507 ; 411401359
CREUSE;2020; 73777 ; 53308618
DORDOGNE;2020; 259111 ; 243699855
DOUBS;2020; 305638 ; 529409719
DROME;2020; 306933 ; 429738681
EURE;2020; 342752 ; 446402572
EURE-ET-LOIR;2020; 245019 ; 349193965
FINISTERE;2020; 544601 ; 697242903
GARD;2020; 453327 ; 566071352
HAUTE-GARONNE;2020; 822541 ; 1639816488
GERS;2020; 117548 ; 121064645
GIRONDE;2020; 984362 ; 1799391984
HERAULT;2020; 725052 ; 1106579265
ILLE-ET-VILAINE;2020; 603788 ; 934604945
INDRE;2020; 134800 ; 119365535
INDRE-ET-LOIRE;2020; 357746 ; 522745821
ISERE;2020; 724540 ; 1232046091
JURA;2020; 153686 ; 198084695
LANDES;2020; 259343 ; 310633506
LOIR-ET-CHER;2020; 195714 ; 228480250
LOIRE;2020; 435224 ; 529652235
HAUTE-LOIRE;2020; 135650 ; 128890949
LOIRE-ATLANTIQUE;2020; 825468 ; 1364288211
LOIRET;2020; 388973 ; 573323589
LOT;2020; 108565 ; 112236709
LOT-ET-GARONNE;2020; 202198 ; 200096774
LOZERE;2020; 45718 ; 39070650
MAINE-ET-LOIRE;2020; 455414 ; 533876671
MANCHE;2020; 295376 ; 328258225
MARNE;2020; 321872 ; 572181614
HAUTE-MARNE;2020; 102998 ; 94160754
MAYENNE;2020; 171684 ; 164910209
MEURTHE-ET-MOSELLE;2020; 412297 ; 566363742
MEUSE;2020; 106892 ; 106989791
MORBIHAN;2020; 460591 ; 593333767
MOSELLE;2020; 596137 ; 724641925
NIEVRE;2020; 127424 ; 119573747
NORD;2020; 1458928 ; 2057503115
OISE;2020; 461755 ; 750006587
ORNE;2020; 164792 ; 160924493
PAS-DE-CALAIS;2020; 832358 ; 850567053
PUY-DE-DOME;2020; 387319 ; 546300986
PYRENEES-ATLANTIQUES;2020; 421457 ; 661299747
HAUTES-PYRENEES;2020; 144696 ; 130579349
PYRENEES-ORIENTALES;2020; 305215 ; 341619890
BAS-RHIN;2020; 654957 ; 1195358269
HAUT-RHIN;2020; 433883 ; 949706246
RHONE;2020; 1079479 ; 2544600189
HAUTE-SAONE;2020; 137060 ; 131487537
SAONE-ET-LOIRE;2020; 325243 ; 372046832
SARTHE;2020; 322691 ; 361333969
SAVOIE;2020; 264625 ; 447225639
HAUTE-SAVOIE;2020; 487221 ; 967230147
PARIS;2020; 1470348 ; 10093393549
SEINE-MARITIME;2020; 722514 ; 1012227729
SEINE-ET-MARNE;2020; 802254 ; 1534694237
YVELINES;2020; 809026 ; 3361481685
DEUX-SEVRES;2020; 216850 ; 237219740
SOMME;2020; 325716 ; 401788817
TARN;2020; 233465 ; 255244404
TARN-ET-GARONNE;2020; 155298 ; 158832515
VAR;2020; 690149 ; 1184383575
VAUCLUSE;2020; 345252 ; 445362448
VENDEE;2020; 405815 ; 461872969
VIENNE;2020; 250537 ; 283997044
HAUTE-VIENNE;2020; 221392 ; 257942716
VOSGES;2020; 219319 ; 231719314
YONNE;2020; 201185 ; 232790057
TERRITOIRE DE BELFORT;2020; 78619 ; 121786924
ESSONNE;2020; 740304 ; 1690240142
HAUTS-DE-SEINE;2020; 942559 ; 5374417257
SEINE-SAINT-DENIS;2020; 949576 ; 1142963319
VAL-DE-MARNE;2020; 819675 ; 2190115585
VAL-D'OISE;2020; 708188 ; 1357074583
GUADELOUPE;2020; 262969 ; 188853108
MARTINIQUE;2020; 246143 ; 223476910
GUYANE;2020; 112020 ; 91122637
LA REUNION;2020; 530119 ; 461301590
MAYOTTE;2020; 74360 ; 35463875
Direction des Impots des non residents;2020;264227;664776466
